{
  "type": "FeatureCollection",
  "features": [
    {
      "type": "Feature",
      "properties": {},
      "geometry": {
        "type": "LineString",
        "coordinates": [
          [
            27.103271484375,
            -25.37380917154398
          ],
          [
            31.014404296875,
            -25.492868271257112
          ],
          [
            26.806640624999996,
            -28.052590823339845
          ],
          [
            26.2353515625,
            -29.161755515328824
          ],
          [
            24.719238281249996,
            -28.73876397137028
          ],
          [
            26.663818359375,
            -26.843677401113002
          ],
          [
            27.103271484375,
            -25.37380917154398
          ]
        ]
      }
    }
  ]
}